{"edit-embedding": 2.533058726, "title-embedding": 2.533058726, "mep": 0.7890140834, "dossier": 0.7890140834, "reg_vec": 1.356358036, "n_dims": 20, "lr": 0.3858233885, "lr_vec": 0.1076618571, "gamma": 0.9, "n_epochs": 3}