{"mep": 1.745033482, "rapporteur": 1.745033482, "nationality": 1.745033482, "political-group": 1.745033482, "gender": 1.745033482, "dossier": 1.745033482, "committee": 1.745033482, "legal-act": 1.745033482, "dossier-type": 1.745033482, "article-type": 1.745033482, "edit-length": 1.745033482, "edit-type": 1.745033482, "outsider": 1.745033482, "justification": 1.745033482, "reg_vec": 1.533699074, "n_dims": 10, "lr": 0.5430769794, "lr_vec": 0.1360040826, "gamma": 0.8, "n_epochs": 3}