{"edit-embedding": 2.530355876, "title-embedding": 2.530355876, "mep": 0.6075571644, "dossier": 0.6075571644, "reg_vec": 1.091672386, "n_dims": 20, "lr": 0.6803075365, "lr_vec": 0.5740224205, "gamma": 0.9, "n_epochs": 3}