{"mep": 1.473241689, "rapporteur": 1.473241689, "nationality": 1.473241689, "political-group": 1.473241689, "gender": 1.473241689, "dossier": 1.473241689, "committee": 1.473241689, "legal-act": 1.473241689, "dossier-type": 1.473241689, "article-type": 1.473241689, "edit-length": 1.473241689, "edit-type": 1.473241689, "outsider": 1.473241689, "justification": 1.473241689, "reg_vec": 2.355461191, "n_dims": 20, "lr": 0.2394775374, "lr_vec": 0.1630196767, "gamma": 0.8, "n_epochs": 3}