{"mep": 0.341613678, "dossier": 0.341613678, "committee": 0.341613678, "legal-act": 0.341613678, "dossier-type": 0.341613678}