{"edit-embedding": 2.266738556, "title-embedding": 2.266738556, "mep": 0.7061801502, "dossier": 0.7061801502, "reg_vec": 0.9203460182, "n_dims": 10, "lr": 1.135840929, "lr_vec": 0.2879077362, "gamma": 0.8, "n_epochs": 3}