{"mep": 0.3042150314, "dossier": 0.3042150314, "outsider": 0.3042150314, "article-type": 0.3042150314, "edit-type": 0.3042150314, "edit-length": 0.3042150314, "justification": 0.3042150314}