{"mep": 0.1474227297, "dossier": 0.1474227297, "edit-embedding": 3.513379458, "title-embedding": 3.513379458}