{"edit-embedding": 6.631838879, "title-embedding": 6.631838879, "mep": 1.747331873, "rapporteur": 1.747331873, "nationality": 1.747331873, "political-group": 1.747331873, "gender": 1.747331873, "dossier": 1.747331873, "committee": 1.747331873, "legal-act": 1.747331873, "dossier-type": 1.747331873, "article-type": 1.747331873, "edit-length": 1.747331873, "edit-type": 1.747331873, "outsider": 1.747331873, "justification": 1.747331873, "reg_vec": 1.958461733, "n_dims": 10, "lr": 0.3047984828, "lr_vec": 0.1363440091, "gamma": 0.99, "n_epochs": 3}