{"mep": 0.2917896389, "dossier": 0.2917896389}