{"edit-embedding": 3.962185716, "title-embedding": 3.962185716, "mep": 1.257899979, "rapporteur": 1.257899979, "nationality": 1.257899979, "political-group": 1.257899979, "gender": 1.257899979, "dossier": 1.257899979, "committee": 1.257899979, "legal-act": 1.257899979, "dossier-type": 1.257899979, "article-type": 1.257899979, "edit-length": 1.257899979, "edit-type": 1.257899979, "outsider": 1.257899979, "justification": 1.257899979, "reg_vec": 1.64527077, "n_dims": 20, "lr": 0.8273064709, "lr_vec": 0.128452182, "gamma": 0.8, "n_epochs": 3}