{"mep": 0.9941239468, "dossier": 0.9941239468, "reg_vec": 2.737488147, "n_dims": 20, "lr": 0.3510891274, "lr_vec": 0.1703512264, "gamma": 0.8, "n_epochs": 3}