{"edit-embedding": 3.349857014, "title-embedding": 3.349857014, "mep": 0.4662000909, "rapporteur": 0.4662000909, "nationality": 0.4662000909, "political-group": 0.4662000909, "gender": 0.4662000909, "dossier": 0.4662000909, "committee": 0.4662000909, "legal-act": 0.4662000909, "dossier-type": 0.4662000909, "article-type": 0.4662000909, "edit-length": 0.4662000909, "edit-type": 0.4662000909, "outsider": 0.4662000909, "justification": 0.4662000909}