{"edit-embedding": 1.715796175, "title-embedding": 1.715796175, "mep": 1.121838619, "rapporteur": 1.121838619, "nationality": 1.121838619, "political-group": 1.121838619, "gender": 1.121838619, "dossier": 1.121838619, "committee": 1.121838619, "legal-act": 1.121838619, "dossier-type": 1.121838619, "article-type": 1.121838619, "edit-length": 1.121838619, "edit-type": 1.121838619, "outsider": 1.121838619, "justification": 1.121838619, "reg_vec": 0.426340906, "n_dims": 20, "lr": 0.9121967949, "lr_vec": 0.8894044951, "gamma": 0.8, "n_epochs": 3}