{"mep": 0.6200001397, "dossier": 0.6200001397, "outsider": 0.6200001397, "article-type": 0.6200001397, "edit-type": 0.6200001397, "edit-length": 0.6200001397, "justification": 0.6200001397}