{"mep": 0.7427102216, "rapporteur": 0.7427102216, "nationality": 0.7427102216, "political-group": 0.7427102216, "gender": 0.7427102216, "dossier": 0.7427102216, "committee": 0.7427102216, "legal-act": 0.7427102216, "dossier-type": 0.7427102216, "article-type": 0.7427102216, "edit-length": 0.7427102216, "edit-type": 0.7427102216, "outsider": 0.7427102216, "justification": 0.7427102216}