{"mep": 0.4968973833, "dossier": 0.4968973833, "rapporteur": 0.4968973833}