{"mep": 0.4918921878, "dossier": 0.4918921878, "edit-embedding": 4.867708131, "title-embedding": 4.867708131}