{"mep": 0.6451762488, "dossier": 0.6451762488, "reg_vec": 0.5416297521, "n_dims": 20, "lr": 0.5277986049, "lr_vec": 0.143125514, "gamma": 0.9, "n_epochs": 3}