{"mep": 0.3238514074, "dossier": 0.3238514074, "nationality": 0.3238514074, "political-group": 0.3238514074, "gender": 0.3238514074}