{"mep": 0.5302745834, "rapporteur": 0.5302745834, "nationality": 0.5302745834, "political-group": 0.5302745834, "gender": 0.5302745834, "dossier": 0.5302745834, "committee": 0.5302745834, "legal-act": 0.5302745834, "dossier-type": 0.5302745834, "article-type": 0.5302745834, "edit-length": 0.5302745834, "edit-type": 0.5302745834, "outsider": 0.5302745834, "justification": 0.5302745834}