{"mep": 0.5834383377, "dossier": 0.5834383377}