{"mep": 0.7040727039, "dossier": 0.7040727039, "nationality": 0.7040727039, "political-group": 0.7040727039, "gender": 0.7040727039}