{"mep": 1.028329158, "rapporteur": 1.028329158, "nationality": 1.028329158, "political-group": 1.028329158, "gender": 1.028329158, "dossier": 1.028329158, "committee": 1.028329158, "legal-act": 1.028329158, "dossier-type": 1.028329158, "article-type": 1.028329158, "edit-length": 1.028329158, "edit-type": 1.028329158, "outsider": 1.028329158, "justification": 1.028329158, "reg_vec": 1.56905876, "n_dims": 20, "lr": 0.2260949377, "lr_vec": 0.154486193, "gamma": 0.8, "n_epochs": 3}