{"mep": 0.3464022075, "dossier": 0.3464022075, "rapporteur": 0.3464022075}