{"edit-embedding": 4.941821554, "title-embedding": 4.941821554, "mep": 0.4912407235, "rapporteur": 0.4912407235, "nationality": 0.4912407235, "political-group": 0.4912407235, "gender": 0.4912407235, "dossier": 0.4912407235, "committee": 0.4912407235, "legal-act": 0.4912407235, "dossier-type": 0.4912407235, "article-type": 0.4912407235, "edit-length": 0.4912407235, "edit-type": 0.4912407235, "outsider": 0.4912407235, "justification": 0.4912407235}