{"mep": 123.6526053, "rapporteur": 123.6526053, "nationality": 123.6526053, "political-group": 123.6526053, "gender": 123.6526053, "dossier": 123.6526053, "committee": 123.6526053, "legal-act": 123.6526053, "dossier-type": 123.6526053, "article-type": 123.6526053, "edit-length": 123.6526053, "edit-type": 123.6526053, "outsider": 123.6526053, "justification": 123.6526053}