{"mep": 0.3748467688, "rapporteur": 0.3748467688, "nationality": 0.3748467688, "political-group": 0.3748467688, "gender": 0.3748467688, "dossier": 0.3748467688, "committee": 0.3748467688, "legal-act": 0.3748467688, "dossier-type": 0.3748467688, "article-type": 0.3748467688, "edit-length": 0.3748467688, "edit-type": 0.3748467688, "outsider": 0.3748467688, "justification": 0.3748467688, "reg_vec": 0.6320410759, "n_dims": 20, "lr": 0.3603815253, "lr_vec": 0.155920965, "gamma": 0.8, "n_epochs": 3}