{"mep": 129.9807416, "rapporteur": 129.9807416, "nationality": 129.9807416, "political-group": 129.9807416, "gender": 129.9807416, "dossier": 129.9807416, "committee": 129.9807416, "legal-act": 129.9807416, "dossier-type": 129.9807416, "article-type": 129.9807416, "edit-length": 129.9807416, "edit-type": 129.9807416, "outsider": 129.9807416, "justification": 129.9807416}