{"mep": 0.3778149994, "dossier": 0.3778149994, "nationality": 0.3778149994, "political-group": 0.3778149994, "gender": 0.3778149994}
