{"mep": 0.3220244031, "dossier": 0.3220244031}