{"edit-embedding": 4.189183906, "title-embedding": 4.189183906, "mep": 0.3298435806, "rapporteur": 0.3298435806, "nationality": 0.3298435806, "political-group": 0.3298435806, "gender": 0.3298435806, "dossier": 0.3298435806, "committee": 0.3298435806, "legal-act": 0.3298435806, "dossier-type": 0.3298435806, "article-type": 0.3298435806, "edit-length": 0.3298435806, "edit-type": 0.3298435806, "outsider": 0.3298435806, "justification": 0.3298435806}