{"edit-embedding": 7.557020924, "title-embedding": 7.557020924, "mep": 0.1365067123, "rapporteur": 0.1365067123, "nationality": 0.1365067123, "political-group": 0.1365067123, "gender": 0.1365067123, "dossier": 0.1365067123, "committee": 0.1365067123, "legal-act": 0.1365067123, "dossier-type": 0.1365067123, "article-type": 0.1365067123, "edit-length": 0.1365067123, "edit-type": 0.1365067123, "outsider": 0.1365067123, "justification": 0.1365067123}