{"mep": 0.4188695089, "dossier": 0.4188695089, "rapporteur": 0.4188695089}