{"mep": 0.3517700872, "dossier": 0.3517700872}