{"mep": 101.3947365, "dossier": 101.3947365, "edit-embedding": 3.863024815, "title-embedding": 3.863024815}