{"edit-embedding": 6.578253175, "title-embedding": 6.578253175, "mep": 0.3660543376, "rapporteur": 0.3660543376, "nationality": 0.3660543376, "political-group": 0.3660543376, "gender": 0.3660543376, "dossier": 0.3660543376, "committee": 0.3660543376, "legal-act": 0.3660543376, "dossier-type": 0.3660543376, "article-type": 0.3660543376, "edit-length": 0.3660543376, "edit-type": 0.3660543376, "outsider": 0.3660543376, "justification": 0.3660543376}