{"mep": 86.58745329, "dossier": 86.58745329}