{"mep": 0.4314825967, "dossier": 0.4314825967, "nationality": 0.4314825967, "political-group": 0.4314825967, "gender": 0.4314825967}