{"mep": 0.1774312565, "dossier": 0.1774312565, "edit-embedding": 6.415101649, "title-embedding": 6.415101649}