{"edit-embedding": 7.579746626, "title-embedding": 7.579746626, "mep": 0.6557600753, "rapporteur": 0.6557600753, "nationality": 0.6557600753, "political-group": 0.6557600753, "gender": 0.6557600753, "dossier": 0.6557600753, "committee": 0.6557600753, "legal-act": 0.6557600753, "dossier-type": 0.6557600753, "article-type": 0.6557600753, "edit-length": 0.6557600753, "edit-type": 0.6557600753, "outsider": 0.6557600753, "justification": 0.6557600753, "reg_vec": 1.113244844, "n_dims": 20, "lr": 0.7100572641, "lr_vec": 0.34266903, "gamma": 0.8, "n_epochs": 3}