{"edit-embedding": 1.275186397, "title-embedding": 1.275186397, "mep": 1.518435423, "rapporteur": 1.518435423, "nationality": 1.518435423, "political-group": 1.518435423, "gender": 1.518435423, "dossier": 1.518435423, "committee": 1.518435423, "legal-act": 1.518435423, "dossier-type": 1.518435423, "article-type": 1.518435423, "edit-length": 1.518435423, "edit-type": 1.518435423, "outsider": 1.518435423, "justification": 1.518435423, "reg_vec": 1.768327615, "n_dims": 10, "lr": 0.5584084618, "lr_vec": 0.3592696719, "gamma": 0.8, "n_epochs": 3}