{"mep": 88.6601788, "dossier": 88.6601788, "edit-embedding": 4.91408555, "title-embedding": 4.91408555}