{"mep": 0.4664049165, "rapporteur": 0.4664049165, "nationality": 0.4664049165, "political-group": 0.4664049165, "gender": 0.4664049165, "dossier": 0.4664049165, "committee": 0.4664049165, "legal-act": 0.4664049165, "dossier-type": 0.4664049165, "article-type": 0.4664049165, "edit-length": 0.4664049165, "edit-type": 0.4664049165, "outsider": 0.4664049165, "justification": 0.4664049165, "reg_vec": 1.311538861, "n_dims": 20, "lr": 0.3013006723, "lr_vec": 0.1769008152, "gamma": 0.8, "n_epochs": 3}