{"mep": 54.7036668, "rapporteur": 54.7036668, "nationality": 54.7036668, "political-group": 54.7036668, "gender": 54.7036668, "dossier": 54.7036668, "committee": 54.7036668, "legal-act": 54.7036668, "dossier-type": 54.7036668, "article-type": 54.7036668, "edit-length": 54.7036668, "edit-type": 54.7036668, "outsider": 54.7036668, "justification": 54.7036668, "edit-embedding": 2.861205431, "title-embedding": 2.861205431}