{"mep": 0.5931993033, "dossier": 0.5931993033, "reg_vec": 0.87030052, "n_dims": 20, "lr": 0.35034997, "lr_vec": 0.2455445033, "gamma": 0.8, "n_epochs": 3}