{"mep": 0.5860125077, "rapporteur": 0.5860125077, "nationality": 0.5860125077, "political-group": 0.5860125077, "gender": 0.5860125077, "dossier": 0.5860125077, "committee": 0.5860125077, "legal-act": 0.5860125077, "dossier-type": 0.5860125077, "article-type": 0.5860125077, "edit-length": 0.5860125077, "edit-type": 0.5860125077, "outsider": 0.5860125077, "justification": 0.5860125077}