{"mep": 0.114598862, "dossier": 0.114598862, "edit-embedding": 7.951114001, "title-embedding": 7.951114001}