{"mep": 0.6771555972, "rapporteur": 0.6771555972, "nationality": 0.6771555972, "political-group": 0.6771555972, "gender": 0.6771555972, "dossier": 0.6771555972, "committee": 0.6771555972, "legal-act": 0.6771555972, "dossier-type": 0.6771555972, "article-type": 0.6771555972, "edit-length": 0.6771555972, "edit-type": 0.6771555972, "outsider": 0.6771555972, "justification": 0.6771555972, "reg_vec": 1.400719661, "n_dims": 20, "lr": 0.45754211, "lr_vec": 0.1446281976, "gamma": 0.9, "n_epochs": 3}