{"edit-embedding": 5.434687875, "title-embedding": 5.434687875, "mep": 0.3602453382, "rapporteur": 0.3602453382, "nationality": 0.3602453382, "political-group": 0.3602453382, "gender": 0.3602453382, "dossier": 0.3602453382, "committee": 0.3602453382, "legal-act": 0.3602453382, "dossier-type": 0.3602453382, "article-type": 0.3602453382, "edit-length": 0.3602453382, "edit-type": 0.3602453382, "outsider": 0.3602453382, "justification": 0.3602453382, "reg_vec": 1.541329317, "n_dims": 20, "lr": 0.7246539354, "lr_vec": 0.1731288401, "gamma": 0.8, "n_epochs": 3}