{"mep": 104.0994, "dossier": 104.0994, "edit-embedding": 4.371546396, "title-embedding": 4.371546396}