{"mep": 152.3478107, "rapporteur": 152.3478107, "nationality": 152.3478107, "political-group": 152.3478107, "gender": 152.3478107, "dossier": 152.3478107, "committee": 152.3478107, "legal-act": 152.3478107, "dossier-type": 152.3478107, "article-type": 152.3478107, "edit-length": 152.3478107, "edit-type": 152.3478107, "outsider": 152.3478107, "justification": 152.3478107}