{"edit-embedding": 6.810643403, "title-embedding": 6.810643403, "mep": 0.6809161136, "rapporteur": 0.6809161136, "nationality": 0.6809161136, "political-group": 0.6809161136, "gender": 0.6809161136, "dossier": 0.6809161136, "committee": 0.6809161136, "legal-act": 0.6809161136, "dossier-type": 0.6809161136, "article-type": 0.6809161136, "edit-length": 0.6809161136, "edit-type": 0.6809161136, "outsider": 0.6809161136, "justification": 0.6809161136, "reg_vec": 0.8248450905, "n_dims": 20, "lr": 0.8534818397, "lr_vec": 0.2224007039, "gamma": 0.9, "n_epochs": 3}