{"mep": 0.1961276036, "dossier": 0.1961276036, "rapporteur": 0.1961276036}