{"mep": 0.3269189815, "dossier": 0.3269189815, "reg_vec": 1.488284802, "n_dims": 20, "lr": 0.4163143378, "lr_vec": 0.1244517897, "gamma": 0.9, "n_epochs": 3}