{"mep": 72.79105846, "rapporteur": 72.79105846, "nationality": 72.79105846, "political-group": 72.79105846, "gender": 72.79105846, "dossier": 72.79105846, "committee": 72.79105846, "legal-act": 72.79105846, "dossier-type": 72.79105846, "article-type": 72.79105846, "edit-length": 72.79105846, "edit-type": 72.79105846, "outsider": 72.79105846, "justification": 72.79105846, "edit-embedding": 2.415235777, "title-embedding": 2.415235777}