{"mep": 64.45540133, "rapporteur": 64.45540133, "nationality": 64.45540133, "political-group": 64.45540133, "gender": 64.45540133, "dossier": 64.45540133, "committee": 64.45540133, "legal-act": 64.45540133, "dossier-type": 64.45540133, "article-type": 64.45540133, "edit-length": 64.45540133, "edit-type": 64.45540133, "outsider": 64.45540133, "justification": 64.45540133, "edit-embedding": 1.975002697, "title-embedding": 1.975002697}