{"mep": 0.509695903, "rapporteur": 0.509695903, "nationality": 0.509695903, "political-group": 0.509695903, "gender": 0.509695903, "dossier": 0.509695903, "committee": 0.509695903, "legal-act": 0.509695903, "dossier-type": 0.509695903, "article-type": 0.509695903, "edit-length": 0.509695903, "edit-type": 0.509695903, "outsider": 0.509695903, "justification": 0.509695903}