{"mep": 0.5272594859, "dossier": 0.5272594859, "committee": 0.5272594859, "legal-act": 0.5272594859, "dossier-type": 0.5272594859}