{"edit-embedding": 6.013553762, "title-embedding": 6.013553762, "mep": 0.3935434903, "dossier": 0.3935434903, "reg_vec": 1.171210808, "n_dims": 20, "lr": 0.5731416226, "lr_vec": 0.1063187289, "gamma": 0.95, "n_epochs": 3}