{"mep": 0.5365997439, "rapporteur": 0.5365997439, "nationality": 0.5365997439, "political-group": 0.5365997439, "gender": 0.5365997439, "dossier": 0.5365997439, "committee": 0.5365997439, "legal-act": 0.5365997439, "dossier-type": 0.5365997439, "article-type": 0.5365997439, "edit-length": 0.5365997439, "edit-type": 0.5365997439, "outsider": 0.5365997439, "justification": 0.5365997439}