{"edit-embedding": 1.113559478, "title-embedding": 1.113559478, "mep": 0.8681460664, "dossier": 0.8681460664, "reg_vec": 1.381916165, "n_dims": 20, "lr": 0.4931869099, "lr_vec": 0.1182216782, "gamma": 0.9, "n_epochs": 3}