{"mep": 0.5601062017, "dossier": 0.5601062017, "outsider": 0.5601062017, "article-type": 0.5601062017, "edit-type": 0.5601062017, "edit-length": 0.5601062017, "justification": 0.5601062017}