{"mep": 0.2284667904, "dossier": 0.2284667904, "edit-embedding": 4.543650166, "title-embedding": 4.543650166}