{"mep": 1.8700759, "rapporteur": 1.8700759, "nationality": 1.8700759, "political-group": 1.8700759, "gender": 1.8700759, "dossier": 1.8700759, "committee": 1.8700759, "legal-act": 1.8700759, "dossier-type": 1.8700759, "article-type": 1.8700759, "edit-length": 1.8700759, "edit-type": 1.8700759, "outsider": 1.8700759, "justification": 1.8700759, "reg_vec": 2.981814129, "n_dims": 10, "lr": 0.2032504701, "lr_vec": 0.2306346063, "gamma": 0.8, "n_epochs": 3}