{"mep": 0.3339979877, "dossier": 0.3339979877, "outsider": 0.3339979877, "article-type": 0.3339979877, "edit-type": 0.3339979877, "edit-length": 0.3339979877, "justification": 0.3339979877}