{"mep": 0.3433110634, "dossier": 0.3433110634, "nationality": 0.3433110634, "political-group": 0.3433110634, "gender": 0.3433110634}